photo_id,before_description,after_description,what_image_really_shows
pool_01.jpg,a group of friends splashing in a sunny outdoor pool,A floral paper boat floats on blue water.,"A floral origami paper boat floating on blue water (no people, no splash)."
pool_04.jpg,a person swims underwater in a clear blue pool.,A person swims underwater in a blue pool.,"A woman wearing a black-and-white patterned bikini swimming face-down underwater in clear blue pool water."
pool_09.jpg,an indoor swimming pool with two life rings hanging on the wall.,An indoor swimming pool features light blue tiles and two lifebuoys along the back wall.,"An indoor tiled swimming pool with large windows, a stainless steel ladder, and two lifebuoys on the wall."
pool_08.jpg,a shirtless adult stands in a pool resting their hands on the edge.,A shirtless muscular man exits a swimming pool.,"A shirtless muscular young man smiling while lifting himself out of a swimming pool with hands on the tiled ledge."
beach_08.jpg,a young child plays in the sand while pulling a colorful toy wagon and holding a plastic shovel.,A young boy plays with a toy wagon and shovel on a sandy beach.,"A young boy wearing a cap and floral swim trunks pulling a blue plastic wagon with a yellow shovel on sand."
beach_05.jpg,a family of four plays in the sand on a beach at sunset.,A family plays in the sand on a beach during sunset.,"A family of four (woman in coral-red maxi dress, father, two boys) playing in the sand by the water at sunset."
beach_04.jpg,a man holding two young children and a woman in a coral dress smiling on a sandy beach at sunset.,A smiling family of four poses together on a sandy beach at sunset.,"A smiling family of four posing on a sandy beach at sunset; father carrying two boys, mother laughing in coral dress."
beach_03.jpg,two young children play in the sand on a sunny beach near tropical blue water.,Two young children play with sand and flowers on a sunny beach.,"Two young Asian children (toddler girl in white dress/pink hat and boy in white shirt) playing with sand and flowers on beach."
birthday_19.jpg,a close-up view of frosted cupcakes with lit birthday candles.,Several cupcakes with blue frosting and lit birthday candles are displayed.,"Close-up of chocolate cupcakes with light blue piped frosting, sprinkles, and burning striped candles."
birthday_14.jpg,champagne bottles resting in a metal ice bucket filled with ice.,Several open bottles of champagne are chilling inside a metallic bucket filled with ice.,"Bottles of champagne chilling in a silver ice bucket filled with ice cubes, with warm bokeh party lights."
birthday_02.jpg,three teens wearing party hats are sitting around a table eating sushi indoors.,Three young women wearing TikTok party hats sit indoors around a table with food.,"Three teenage girls wearing white TikTok party hats sitting indoors around a table eating sushi with chopsticks."
birthday_01.jpg,a crowd of young adults socializing and dancing under string lights on an outdoor patio.,A diverse crowd of people gathers outdoors under a lit pergola at dusk.,"A diverse crowd of young adults socializing and dancing at dusk under an outdoor pergola decorated with string lights."
restaurant_03.jpg,close-up of a person eating a salad and meat dish.,A person eats salad with a fork while holding a small plate of cured meat.,"Close-up of a person with teal-painted nails eating a shaved salad with a fork alongside a plate of prosciutto."
restaurant_07.jpg,a buffet counter filled with various pots of indian curry dishes and sides.,A buffet display features various metal bowls filled with colorful curries and side dishes.,"A buffet counter with copper/brass handi bowls containing Indian curries, basmati rice, and spices in stone mortars."
restaurant_08.jpg,freshly baked pizzas sitting on pans inside an oven.,Two pizzas with vegetable toppings bake inside an oven.,"Two round vegetarian pizzas with broccoli, mushrooms, peppers, and cheese baking on pans inside a warm oven."
