photo_id,one_line,setting,indoor_outdoor,activity,occasion_guess,people_count,group_type,clothing,objects,mood
birthday_18.jpg,several small packages are wrapped in blue and white patterned paper with white labels.,home,indoor,none,birthday,0,unknown,,packages; wrapping paper; labels,none
kids_18.jpg,two young boys playing enthusiastically near a small inflatable pool outside.,park,outdoor,playing,none,2,friends,blue polo shirt; green t-shirt,inflatable pool; grass; trees; cars,energetic
kids_17.jpg,a child wearing a winter hat and scarf looking out of a wooden play structure.,park,outdoor,playing,none,1,solo,unknown hat; red scarf; blue jacket; blue gloves,wooden play structure; chain; snow,cheerful
roadtrip_18.jpg,an empty road with yellow lines cuts through dry grassy hills under a bright blue sky.,mountain,outdoor,none,none,0,unknown,,road; yellow lines; hills; mountains; grass,calm
festival_05.jpg,a crowd of people with raised hands celebrating under a shower of colorful confetti and star-shaped paper against a dark background.,concert,unknown,celebrating,concert,50,mixed,,confetti; star-shaped confetti,cheerful
roadtrip_01.jpg,a fluffy black and white dog sitting inside a car looking happily towards the camera.,car interior,indoor,riding in a car,none,0,unknown,,black and white dog; car interior; car door; side-view mirror,cheerful
kids_01.jpg,two young children crouch at the edge of a garden pond touching the water.,park,outdoor,touching water in a pond,none,2,friends,blue patterned short-sleeve shirt; black shorts; blue denim cap; green and black clogs; red floral shirt; black flat cap,pond; rocks; stepping stones,playful
roadtrip_08.jpg,a view through a car's side mirror showing a highway at sunset.,street,outdoor,none,none,0,unknown,,car mirror; car; truck; highway,calm
hiking_10.jpg,an adult in protective gear stands amidst rocky terrain and thick volcanic smoke.,volcano,outdoor,hiking,none,1,solo,grey jacket; black pants; black gloves,respirator mask; rocks; smoke,adventurous
kids_11.jpg,a black and white photo of two young boys wearing plaid shirts walking together in a grassy field.,field,outdoor,walking,none,2,family,unknown shirt; unknown pants,wooden fence; toy sword; trees,cheerful
pets_10.jpg,a small white dog biting a wooden stick outdoors.,park,outdoor,playing,none,0,unknown,,dog; stick; grass,playful
birthday_09.jpg,a white unicorn piñata is surrounded by pink party hats and a pink balloon on a white background.,studio,indoor,none,birthday,0,unknown,,white unicorn piñata; pink party hats; pink balloon,cheerful
pets_17.jpg,a small dog runs towards a blue ball in a grassy field at sunset while people stand in the background.,park,outdoor,walking,none,2,family,,ball; grass,cheerful
birthday_12.jpg,close-up of a bottle cap with german text resting among blurred bottles.,home,indoor,none,none,0,unknown,,bottle; bottle cap,none
birthday_01.jpg,a crowd of young adults socializing and dancing under string lights on an outdoor patio.,patio,outdoor,"dancing, socializing, and watching",party,25,mixed,blue and white striped t-shirt; unknown print shirt; grey shirt draped over shoulders; unknown jacket; blue t-shirt; unknown shirt tied around waist,string lights; pergola; event badges; bubbles,cheerful
roadtrip_09.jpg,a smartphone mounted on a car dashboard displaying a gps navigation app.,home,indoor,none,none,0,unknown,,smartphone; car steering wheel; dashboard; cable,none
graduation_08.jpg,a smiling graduate holds up a rolled diploma outdoors.,park,outdoor,graduating,graduation,3,solo,black graduation gown; black graduation cap; unknown striped stole,rolled diploma,cheerful
beach_13.jpg,a decorated sandcastle sits on a beach with a person walking in the background.,beach,outdoor,walking,none,1,solo,orange shirt; beige shorts; red backpack,sandcastle; shells; sand; ocean,calm
restaurant_09.jpg,a person pouring wine at a crowded restaurant table with multiple plates and glasses.,restaurant,indoor,eating,none,5,friends,yellow dress,wine bottle; wine glasses; water bottles; plates; silverware,cheerful
restaurant_06.jpg,"a close-up shot of a pizza topped with broccoli, tomatoes, and other vegetables.",restaurant,indoor,eating,none,0,unknown,,pizza; broccoli; tomatoes; peppers,none
