file,theme,pexels_id,photographer,url
pool_01.jpg,pool,5219460,Mylene2401,https://pixabay.com/photos/pool-paper-napkin-folded-party-fun-5219460/
pool_02.jpg,pool,462874,jarmoluk,https://pixabay.com/photos/man-swimmer-pool-swimming-pool-462874/
pool_03.jpg,pool,4736282,thabisfotowelt,https://pixabay.com/photos/water-swimming-pool-pool-blue-swim-4736282/
pool_04.jpg,pool,422546,Survivor,https://pixabay.com/photos/woman-swim-pool-swimming-swimmer-422546/
pool_05.jpg,pool,1761634,Tama66,https://pixabay.com/photos/balloons-colorful-swimming-pool-1761634/
pool_06.jpg,pool,1284419,Pexels,https://pixabay.com/photos/girls-swimming-splashing-sisters-1284419/
pool_07.jpg,pool,1199678,stevepb,https://pixabay.com/photos/swimming-flippers-snorkel-summer-1199678/
pool_08.jpg,pool,1869744,Pexels,https://pixabay.com/photos/man-muscles-pool-swimming-swimmer-1869744/
pool_09.jpg,pool,4942724,sahinsezerdincer,https://pixabay.com/photos/pool-life-aqua-blue-4942724/
pool_10.jpg,pool,1850153,Pexels,https://pixabay.com/photos/child-swimming-boy-little-boy-1850153/
beach_01.jpg,beach,7088019,Michelle-Maria,https://pixabay.com/photos/family-beach-playing-vacation-7088019/
beach_02.jpg,beach,3953392,ddzphoto,https://pixabay.com/photos/boy-beach-sunset-playing-child-3953392/
beach_03.jpg,beach,3027128,91249144gary,https://pixabay.com/photos/kids-beach-child-family-holiday-3027128/
beach_04.jpg,beach,7078857,Michelle-Maria,https://pixabay.com/photos/family-beach-sunset-happy-vacation-7078857/
beach_05.jpg,beach,7080939,Michelle-Maria,https://pixabay.com/photos/family-beach-sunset-happy-vacation-7080939/
beach_06.jpg,beach,7029110,OleksandrPidvalnyi,https://pixabay.com/photos/beach-ocean-sand-summer-family-7029110/
beach_07.jpg,beach,241899,cotrim,https://pixabay.com/photos/trampoline-children-playing-infant-241899/
beach_08.jpg,beach,998788,rFonz,https://pixabay.com/photos/beach-summer-child-toddler-sand-998788/
beach_09.jpg,beach,492891,towbar,https://pixabay.com/photos/family-together-parenting-lifestyle-492891/
beach_10.jpg,beach,1574335,DanielaElenaTentis,https://pixabay.com/photos/girl-silhouette-child-water-1574335/
birthday_01.jpg,birthday,8080105,Irfanshah33,https://pixabay.com/photos/party-reunion-celebration-birthday-8080105/
birthday_02.jpg,birthday,6854891,alyoshine,https://pixabay.com/photos/tiktok-party-birthday-party-party-6854891/
birthday_03.jpg,birthday,10237936,FilipFilipovic,https://pixabay.com/photos/celebration-birthday-cake-party-hats-10237936/
birthday_04.jpg,birthday,4764400,hongquan7749,https://pixabay.com/photos/food-party-birthday-cake-4764400/
birthday_05.jpg,birthday,4764399,hongquan7749,https://pixabay.com/photos/food-party-birthday-cake-4764399/
birthday_06.jpg,birthday,4764398,hongquan7749,https://pixabay.com/photos/food-party-birthday-cake-4764398/
birthday_07.jpg,birthday,4764401,hongquan7749,https://pixabay.com/photos/food-party-birthday-cake-4764401/
birthday_08.jpg,birthday,4689121,marcosgarzo,https://pixabay.com/photos/activities-activity-atmosphere-4689121/
birthday_09.jpg,birthday,4689122,marcosgarzo,https://pixabay.com/photos/activities-activity-atmosphere-4689122/
birthday_10.jpg,birthday,4689123,marcosgarzo,https://pixabay.com/photos/activities-activity-atmosphere-4689123/
restaurant_01.jpg,restaurant,601576,stokpic,https://pixabay.com/photos/dinner-table-eating-food-meal-601576/
restaurant_02.jpg,restaurant,1807617,sasint,https://pixabay.com/photos/happy-valentines-day-couple-1807617/
restaurant_03.jpg,restaurant,569156,Life-Of-Pix,https://pixabay.com/photos/salad-restaurant-meal-dinner-569156/
restaurant_04.jpg,restaurant,5356682,JoelFazhari,https://pixabay.com/photos/table-glassware-cutlery-silverware-5356682/
restaurant_05.jpg,restaurant,2562111,StockSnap,https://pixabay.com/photos/people-women-eat-restaurant-2562111/
restaurant_06.jpg,restaurant,346985,keram,https://pixabay.com/photos/pizza-vegetables-toppings-346985/
restaurant_07.jpg,restaurant,315691,PublicDomainPictures,https://pixabay.com/photos/buffet-indian-food-spices-lunch-315691/
restaurant_08.jpg,restaurant,6478478,px_steven_be,https://pixabay.com/photos/pizza-oven-restaurant-meal-yummy-6478478/
restaurant_09.jpg,restaurant,6174460,elle_kh,https://pixabay.com/photos/wine-wine-glasses-vino-party-happy-6174460/
restaurant_10.jpg,restaurant,282867,drcherryc,https://pixabay.com/photos/chinese-food-dining-dinner-asian-282867/
festival_01.jpg,festival,1056764,Activedia,https://pixabay.com/photos/crowd-concert-music-festival-party-1056764/
festival_02.jpg,festival,1850665,Pexels,https://pixabay.com/photos/audience-band-club-concert-crowd-1850665/
festival_03.jpg,festival,4212584,OrnaW,https://pixabay.com/photos/hands-crowd-dancing-eurovision-4212584/
festival_04.jpg,festival,1850022,Pexels,https://pixabay.com/photos/audience-band-concert-celebration-1850022/
festival_05.jpg,festival,2527495,ktphotography,https://pixabay.com/photos/concert-confetti-party-event-club-2527495/
festival_06.jpg,festival,10332845,MichaelCatadman,https://pixabay.com/photos/festival-dance-costume-culture-10332845/
festival_07.jpg,festival,7238254,rohatsevci,https://pixabay.com/photos/music-dj-party-night-life-dance-7238254/
festival_08.jpg,festival,4768496,RahulPandit,https://pixabay.com/photos/concert-performance-music-festival-4768496/
festival_09.jpg,festival,3212812,vinsky2002,https://pixabay.com/photos/people-parade-festival-street-3212812/
festival_10.jpg,festival,4312230,Serpae,https://pixabay.com/photos/crowd-concert-music-audience-4312230/
hiking_01.jpg,hiking,4355597,jaywwild,https://pixabay.com/photos/banff-alberta-canada-landscape-4355597/
hiking_02.jpg,hiking,10228748,Vilkasss,https://pixabay.com/photos/hiking-mountain-trail-sunrise-10228748/
hiking_03.jpg,hiking,5946815,Tumisu,https://pixabay.com/photos/couple-climbing-help-mountain-5946815/
hiking_04.jpg,hiking,842580,snicky2290,https://pixabay.com/photos/friends-girls-best-friends-women-842580/
hiking_05.jpg,hiking,2558289,StockSnap,https://pixabay.com/photos/people-friends-woman-man-hiking-2558289/
hiking_06.jpg,hiking,1754193,zaenuddinahmad67,https://pixabay.com/photos/havefun-holiday-friendship-jump-1754193/
hiking_07.jpg,hiking,2576652,StockSnap,https://pixabay.com/photos/people-men-friends-travel-2576652/
hiking_08.jpg,hiking,1181873,msandersmusic,https://pixabay.com/photos/man-dogs-hiking-edge-cliff-1181873/
hiking_09.jpg,hiking,2583452,StockSnap,https://pixabay.com/photos/people-men-travel-adventure-2583452/
hiking_10.jpg,hiking,4297395,IqbalStock,https://pixabay.com/photos/people-crater-indonesia-ijen-4297395/
kids_01.jpg,kids,1560569,HaiBaron,https://pixabay.com/photos/people-little-boys-park-children-1560569/
kids_02.jpg,kids,2478895,ainuddinchalik,https://pixabay.com/photos/children-child-family-parent-2478895/
kids_03.jpg,kids,6845817,Surprising_Media,https://pixabay.com/photos/children-little-girls-happy-playing-6845817/
kids_04.jpg,kids,640094,mcconnmama,https://pixabay.com/photos/youth-children-wagon-child-640094/
kids_05.jpg,kids,6845878,Surprising_Media,https://pixabay.com/photos/children-little-girls-happy-playing-6845878/
kids_06.jpg,kids,7433535,NguyenHoangThach,https://pixabay.com/photos/kids-playing-fountain-park-7433535/
kids_07.jpg,kids,1021138,InspiredImages,https://pixabay.com/photos/park-rocking-horse-horse-toy-1021138/
kids_08.jpg,kids,5057327,mkzsfoto,https://pixabay.com/photos/playground-kids-child-kid-play-5057327/
kids_09.jpg,kids,4356043,Vladvictoria,https://pixabay.com/photos/playground-children-playing-park-4356043/
kids_10.jpg,kids,2586773,gabeflorencio,https://pixabay.com/photos/children-babies-mickey-minnie-park-2586773/
graduation_01.jpg,graduation,2485722,TheVirtualDenise,https://pixabay.com/photos/graduate-family-graduation-2485722/
graduation_02.jpg,graduation,2641612,actaylorjr,https://pixabay.com/photos/peace-graduation-college-blue-peace-2641612/
graduation_03.jpg,graduation,10168363,HuyNgan,https://pixabay.com/photos/yearbook-vietnamese-students-10168363/
graduation_04.jpg,graduation,1840298,Pexels,https://pixabay.com/photos/dawn-graduates-throwing-hats-dusk-1840298/
graduation_05.jpg,graduation,995042,greymatters,https://pixabay.com/photos/graduation-teen-high-school-student-995042/
graduation_06.jpg,graduation,364178,geralt,https://pixabay.com/photos/write-board-hand-to-learn-a-notice-364178/
graduation_07.jpg,graduation,6272667,JUSTADE-MOTIVES,https://pixabay.com/photos/man-graduate-college-toga-6272667/
graduation_08.jpg,graduation,4502796,Leo_Fontes,https://pixabay.com/photos/graduation-college-graduate-4502796/
graduation_09.jpg,graduation,3430714,McElspeth,https://pixabay.com/photos/graduation-cap-graduation-cap-3430714/
graduation_10.jpg,graduation,2349741,5480831,https://pixabay.com/photos/graduation-ceremony-joy-university-2349741/
pets_01.jpg,pets,3006369,7144605,https://pixabay.com/photos/dog-outdoors-pet-animal-happy-3006369/
pets_02.jpg,pets,1326727,HiroArts,https://pixabay.com/photos/dog-human-animal-pet-love-1326727/
pets_03.jpg,pets,8199216,MolnarSzabolcsErdely,https://pixabay.com/photos/dog-puppy-grass-canine-mammal-8199216/
pets_04.jpg,pets,4357790,AnjaGh,https://pixabay.com/photos/shepherd-dog-dog-domestic-animal-4357790/
pets_05.jpg,pets,1241817,ddimitrova,https://pixabay.com/photos/kid-soap-bubbles-girl-child-fun-1241817/
pets_06.jpg,pets,8669095,bryanhanson1956,https://pixabay.com/photos/dog-puppy-pet-animal-canine-8669095/
pets_07.jpg,pets,1653836,coyot,https://pixabay.com/photos/dog-outdoor-animal-pet-summer-1653836/
pets_08.jpg,pets,863139,Foundry,https://pixabay.com/photos/beach-dog-chase-running-play-fun-863139/
pets_09.jpg,pets,8379770,RonaldPlett,https://pixabay.com/photos/jack-russell-puppy-mammal-dog-8379770/
pets_10.jpg,pets,7543571,Edyttka1388,https://pixabay.com/photos/puppy-outdoors-dog-stick-animal-7543571/
roadtrip_01.jpg,roadtrip,4902969,staffordgreen0,https://pixabay.com/photos/dog-sheltie-kindness-love-4902969/
roadtrip_02.jpg,roadtrip,932455,tookapic,https://pixabay.com/photos/car-road-tire-asphalt-vehicle-932455/
roadtrip_03.jpg,roadtrip,5383371,MierCatPhotography,https://pixabay.com/photos/car-sunlight-forest-road-street-5383371/
roadtrip_04.jpg,roadtrip,6603726,tekhnika,https://pixabay.com/photos/car-transportation-travel-road-trip-6603726/
roadtrip_05.jpg,roadtrip,1281636,Pexels,https://pixabay.com/photos/snow-road-suv-winter-car-vehicle-1281636/
roadtrip_06.jpg,roadtrip,1835506,Pexels,https://pixabay.com/photos/vw-beetle-car-classic-car-forest-1835506/
roadtrip_07.jpg,roadtrip,1850465,Pexels,https://pixabay.com/photos/dog-pet-car-window-drive-road-trip-1850465/
roadtrip_08.jpg,roadtrip,9942887,jwvein,https://pixabay.com/photos/car-travel-transport-the-vehicle-9942887/
roadtrip_09.jpg,roadtrip,1048294,DariuszSankowski,https://pixabay.com/photos/navigation-car-drive-road-gps-1048294/
roadtrip_10.jpg,roadtrip,299772,AaronPictures,https://pixabay.com/photos/car-auto-4wd-drive-automobile-299772/
