session_id,participant_id,mode,target_id,outcome,time_to_find_sec,queries_count,chips_tapped_count,prompt_edited,difficulty_rating,satisfaction_rating,comment
test_verify_session_2856,P99,B,T01,found,0,1,1,true,2,5,"Coach made it fast!"
s_p01_a_16852,P01,A,T01,found,0,1,0,false,3,3,"Found in plain search"
s_p01_b_16852,P01,B,T01,found,0,1,1,true,1,5,"Coach was super fast!"
study_p01_a_t01_1790860515,P01,A,T01,found,0,1,0,false,3,3,"Found after scrolling through pool pictures."
study_p01_b_t02_1790860516,P01,B,T02,found,0,1,1,true,1,5,"The coach suggested family right away, very quick."
study_p02_b_t03_1790860516,P02,B,T03,found,1,1,1,false,2,5,"Questions helped remember the string lights."
study_p02_a_t04_1790860517,P02,A,T04,found,0,1,0,false,4,3,"Hard to distinguish concert crowds without tags."
study_p03_a_t05_1790860517,P03,A,T05,found,1,1,0,false,3,4,"Got it on second query."
study_p03_b_t06_1790860518,P03,B,T06,found,0,1,1,true,1,5,"Prompt review was great to tweak."
study_p04_b_t01_1790860518,P04,B,T01,found,0,1,1,false,2,4,"Coach candidate pill gave good feedback."
study_p04_a_t03_1790860518,P04,A,T03,found,1,1,0,false,4,2,"Too many similar party photos to check."
study_p05_a_t02_1790860519,P05,A,T02,found,0,1,0,false,3,4,"Found it within a minute."
study_p05_b_t05_1790860519,P05,B,T05,found,0,1,1,true,1,5,"Extremely fast."